non-suicidal1,non-suicidal_Poet_1,non-suicidal, I saw you in green velvet. wide full sleeves seated in front of a fireplace. our house made somehow more gracious. and you said "There are stars in your hair"— it was truth I brought down with me,38
non-suicidal103,non-suicidal_Poet_2,non-suicidal, The grace of my style. I’m a woman Phenomenally. Phenomenal woman. That’s me.,15
non-suicidal108,non-suicidal_Poet_2,non-suicidal, woman in Pakistan. Happy prints of an invisible time are illumined. My mouth agape rejects the solid air and,19
non-suicidal110,non-suicidal_Poet_2,non-suicidal, through the padding of the door. I cannot scream. A bone of fear clogs my throat. It is upon me. It is sunrise. with Hope,25
non-suicidal111,non-suicidal_Poet_2,non-suicidal, its arrogant rider. My mind. formerly quiescent in its snug encasement. is strained to look upon their rapturous visages. to let them enter even into me.,26
non-suicidal112,non-suicidal_Poet_2,non-suicidal, I am forced outside myself to mount the light and ride joined with Hope. Through all the bright hours I cling to expectation. until,24
non-suicidal113,non-suicidal_Poet_2,non-suicidal, darkness comes to reclaim me as its own. Hope fades. day is gone into its irredeemable place and I am thrown back into the familiar bonds of disconsolation.,28
non-suicidal114,non-suicidal_Poet_2,non-suicidal, Gloom crawls around lapping lasciviously between my toes. at my ankles. and it sucks the strands of my hair. It forgives my heady,23
non-suicidal115,non-suicidal_Poet_2,non-suicidal, fling with Hope. I am joined again into its greedy arms.,11
non-suicidal117,non-suicidal_Poet_2,non-suicidal, Why are you beset with gloom? ’Cause I walk like I've got oil wells Pumping in my living room. Just like moons and like suns. With the certainty of tides.,31
non-suicidal118,non-suicidal_Poet_2,non-suicidal, Just like hopes springing high. Still I'll rise. Did you want to see me broken? Bowed head and lowered eyes? Shoulders falling down like teardrops.,26
non-suicidal119,non-suicidal_Poet_2,non-suicidal, Weakened by my soulful cries? Does my haughtiness offend you? Don't you take it awful hard ’Cause I laugh like I've got gold mines Diggin’ in my own backyard.,31
non-suicidal124,non-suicidal_Poet_3,non-suicidal, I rise I rise I rise.,6
non-suicidal129,non-suicidal_Poet_3,non-suicidal, The supper bell was ringing as Neil strode- - A bucket of warm milk in either hand; The cat and her five kittens at her heels- - Down through the yellow tansy in the lane Where Tod and I were washing in the trough-- -,42
non-suicidal130,non-suicidal_Poet_3,non-suicidal, We'd laid the pipe last summer from the hills - - And said. his weather eye cocked toward the south. "We're in for rain by morning. The wind has changed. So we'll be finishing the hay tonight." Tod lifted his black curly head. from which,46
non-suicidal132,non-suicidal_Poet_3,non-suicidal, I looked away. What could a fellow do? And Nancy'd promised she would go with me . . . Neil turned and went on slowly to the house. His shirt was stained across the back with sweat; He looked dog-tired. We all were. We'd been up,46
non-suicidal135,non-suicidal_Poet_3,non-suicidal, But Tod was mad - - you couldn't blame him much - - "Don't be a fool!" he snapped. "Neil thinks because We're kids that he can run us." Then Maurine - - Neil's wife: she's kind of little-like and thin From over-work and worry. but sure good,49
non-suicidal136,non-suicidal_Poet_3,non-suicidal, To Tod and me - - we'd lived with her and Neil Since Dad and Mother died - -Maurine then called. "Your suppers's hot and waiting. Come and get it. boys." So when we'd wiped upon the roller-towel Beside the kitchen door. we dragged our chairs,47
non-suicidal138,non-suicidal_Poet_3,non-suicidal, Hot biscuits get blue ribbons at the Fair - - And no one talked. till. belts let out a notch. Our chairs tipped back against the wall. Neil said. As he lit his pipe. "What about it. kids?" Maurine's brown eyes were pleading. go with him - -,45
non-suicidal140,non-suicidal_Poet_3,non-suicidal, As any alder tree. She dances too Like willows swaying in April wind - - But Nancy Saunders comes of farmer stock: "Next week. then. Karl." she said. "when haying's done." Neil had the big greys hitched up to the rick,40
non-suicidal141,non-suicidal_Poet_3,non-suicidal, When we ran to the barn. So Tod and I Climbed in the back and sat with dangling heels As Prince and Nelly ambled down the lane Between the daisies and the Bouncing Bet. It was a different world from afternoon.,41
non-suicidal142,non-suicidal_Poet_3,non-suicidal, The air as yellow-cool as buttercups. The sun had set; the sky. no longer fiery-blue. Was fleeced with lamb's wool clouds. and these Were finged with wild rose pink. I looked at Tod And Neil. and wondered if they noticed too.,44
non-suicidal143,non-suicidal_Poet_3,non-suicidal, I couldn't see Neil's features. but his back Looked rested-like. Tod sort of sighed. and chewed A clover stalk . . . and when a t last we slide The creaking gate bars out. and rattled in The west-end meadow - - the sightliest spot,44
non-suicidal144,non-suicidal_Poet_3,non-suicidal, In all Glenacres any time of day - - It was so beautiful now in the dusk That something caught me in the throat Like Christmas carols on the radio . . . Long purple shadows from the fir trees lay,36
non-suicidal145,non-suicidal_Poet_3,non-suicidal, Across the cocks stubble. It was so still That we could hear the falls of Cedar Creek . . . A wood thrush in the hazel bushes piped One sweet high note; an owl called to his mate; White foxgloves glowed like candles by the fence.,43
non-suicidal146,non-suicidal_Poet_3,non-suicidal, In place of choking dust. there now was dew. As Tod and I forked up the hay to Neil. Who stacked as fast as two of us could pitch. The fragrance made me think of Nancy's hair . . . With every load. the magic grew. A star,46
non-suicidal147,non-suicidal_Poet_3,non-suicidal, Rose in the west . . . We worked with scarce a word. Oh. it was like our church with hymns and prayers On Sunday when the riding parson comes. Then as we took the last road in. the moon Came up behind the hill. and Tod and Neil,46
non-suicidal148,non-suicidal_Poet_3,non-suicidal, And I. the horses and the meadows. all Were silvered with its light. and suddenly I was as far away from Tod. as if I swam across a lake and left him. My own brother. on the farther shore.,39
non-suicidal149,non-suicidal_Poet_3,non-suicidal, My heart cried out. but there was no reply . . . Between a field and hayloft. I grew up . . . Toward morning I half-awakened to a sound Of raindrops pelting on the attic roof.,32
non-suicidal155,non-suicidal_Poet_3,non-suicidal, There will be snow. Winds know. Zinnias know And I - Why must there be for me,16
non-suicidal156,non-suicidal_Poet_3,non-suicidal, Only the way back. Or on? There is this quiet day. This yellow tree...,14
non-suicidal161,non-suicidal_Poet_3,non-suicidal, I walk to the corner And I walk back,9
non-suicidal180,non-suicidal_Poet_4,non-suicidal, To give to you virginity untouched? Or. maybe. you don’t want to be the endless. Because you charmed by you yourself too much? For mother’s eyes. you’re always the reflection. Of springy days. left very far behind.,40
non-suicidal181,non-suicidal_Poet_4,non-suicidal, And. in old age. you’ll find the consolation. In your youth’s windows of the same blessed kind. But having circled your life just by your fortune. Will die you self. your image and your virtue.,37
non-suicidal182,non-suicidal_Poet_4,non-suicidal, My dear waster. you unwisely spend Your charming legacy in your self-liking madness. Nature doesn’t give these charms to us. it lends Them to us. free. in liberty and greatness. Oh. beauteous miser. you’re glad to make your.,41
non-suicidal183,non-suicidal_Poet_4,non-suicidal, The thing that you’ve received to pass to others. You low hide the treasures. but therefore. Not making self more prosperous. rather. You strike your bargains just with you yourself. Loosing in them your profit’s main amount;,39
non-suicidal184,non-suicidal_Poet_4,non-suicidal, And in an hour. world is to be left. What will be written in your last account? And the sweet image of the future times Will fell in grave with you – not realized.,33
non-suicidal185,non-suicidal_Poet_4,non-suicidal, The canning time. with its exquisite craft. Secretly makes a feast for our eyes. While in a run. the circled one and apt. Carrying away all that was bliss for us. The mighty stream of hours and days,38
non-suicidal186,non-suicidal_Poet_4,non-suicidal, Leads virgin summer into winter’s dusk. Where leaves are absent. and a trees’ sop stays Dead like the earth. with a white cloak masked. And just aroma of the flow’rs fresh – The flying elf imprisoned in a glass –,40
non-suicidal188,non-suicidal_Poet_4,non-suicidal, Never allow the impassive hand Of grayish winter to access your garden. Until you’ve gathered flow’rs off a bed. To have your spring in a glass flagon gardened. Like one. who’d given priceless grant to men.,39
non-suicidal189,non-suicidal_Poet_4,non-suicidal, And then received it back with a good profit. You’ll be glad to return you self again To you yourself with ten times more of all it. Ten more times you’ll leave on this great earth. Ten more times repeated in your children.,45
non-suicidal2,non-suicidal_Poet_1,non-suicidal, to this sullen and dingy place that we must make golden make precious and mythical somehow. it is our nature. and it is truth. that we came here. I told you. from other planets where we were lords. we were sent here.,42
non-suicidal207,non-suicidal_Poet_4,non-suicidal, Which shaded herds before in summer noon. And nod us dense beards of the grayish sheaves From solemn carts – to join their deathly swoon – I think about your unearthly charms. About time when they’ll be forced to wane.,39
non-suicidal221,non-suicidal_Poet_4,non-suicidal, How can I ever prove that you were fine. Leaving my page in the time-river flown? The Lord does know. that shy verse of mine. Could say no more than the vault’s gray stone. If I make try to leave them your portrait.,45
non-suicidal225,non-suicidal_Poet_4,non-suicidal, Sometimes it’s hidden by a nasty weather. The Nature sends to us her caresses and pine. In her chanced whims not knowing a measure. But your life’s day is of the constant length. It’s summer’s fresh and full of sunny favor.,45
non-suicidal23,non-suicidal_Poet_1,non-suicidal, buying scads of new poems from all corners of the earth then head to the all-night Tower Records full of drag queens & revolutionaries. to get a few songs And dig it. City Lights still here. like some old lighthouse though all the rest is gone.,46
non-suicidal230,non-suicidal_Poet_4,non-suicidal, The woman’s face! But with much more perfection. It was created by the nature’s art Tho’ sweet like woman. you defy attraction For adulatory. oh. king-queen of my heart. Your gentle look voids of a play. unfair.,40
non-suicidal231,non-suicidal_Poet_4,non-suicidal, But gilds all things around with its shine; And. full of manhood. with its lordly manner It slaves your friends and pierces ladies fine. Nature planned you to be the female-wonder. But brought by passion to her own knees.,40
non-suicidal232,non-suicidal_Poet_4,non-suicidal, She put us both mercilessly asunder. And pleasured women with your beauty’s bliss. Let it be so. only I require: Love me… and grant them with your passion’s fire.,31
non-suicidal233,non-suicidal_Poet_4,non-suicidal, I don’t compete with architects of verse. Which. as a gift. to their she-idols worshiped Present the whole heaven with the earth And all blue waters of the global ocean. Let them. for decoration of their lines.,39
non-suicidal234,non-suicidal_Poet_4,non-suicidal, Repeat in poems and their disputes sound. The flowers’ wreaths and lights of heaven stars. The dazzling treasures of the sea and ground. Truth is my single law in love and word. And I do write that my sweetheart is fair.,41
non-suicidal235,non-suicidal_Poet_4,non-suicidal, Like all the brought by mothers in the world. But not like sun’s or clear crescent’s glare. My love is not to have been advertised – It’s not for sell! It has not for market price!,38
non-suicidal236,non-suicidal_Poet_4,non-suicidal, All mirrors lie that I have grown old. While I’m partaking your spring’s years in. If your sweet image were by time deformed. I would acknowledge that a fate did win. Into your features looking like in glass.,40
non-suicidal237,non-suicidal_Poet_4,non-suicidal, I see me self a very young and fresh. I feel in me your heart with its strong pulse. And give to you one. of my own flesh. So. my dear. try to guide yourself. Not for yourself you bear a friend’s heart;,44
non-suicidal238,non-suicidal_Poet_4,non-suicidal, And I will always try to hold yours safe. Like mother tries to hold her own child. Both hearts of ours has their common fate – If mine were stopped. your own too is dead.,34
non-suicidal239,non-suicidal_Poet_4,non-suicidal, As that bad actor. having lost his nerves. Loses a thread of a well-known role. As that mad man. obsessed with fierce wrath. In strengths’ excess. losses self-control wholly – So. not knowing what to say. I’m mute,40
non-suicidal240,non-suicidal_Poet_4,non-suicidal, Not for the reason that my heart is cold: There is a seal that my great love has put On my hot lips. making them numb and stoned. Then let my book without sounds speaks With you. as my unspoken intercessor;,41
non-suicidal241,non-suicidal_Poet_4,non-suicidal, Let it demand retaliation quick. Seeing in you its Savor and Confessor. Would ever you read my love’s. voiceless. words. Catch with your sight my ever-wordless voice?,29
non-suicidal242,non-suicidal_Poet_4,non-suicidal, My eye’s engraver; and the image yours Has been imprinted in my heart precisely. And now I’m a frame. embarrassing the most Praised in the art – a ‘view’ we call it wisely. Through a good master look at craft itself,42
non-suicidal243,non-suicidal_Poet_4,non-suicidal, To see your portrait in a frame. quite privet. That strange workshop. which now it preserves. Is glazed with crystals of the eyes beloved. My eyes are so friendly with your ones: With your eyes I engrave you in my soul.,41
non-suicidal244,non-suicidal_Poet_4,non-suicidal, The golden sun. through your inspiring eyes. Looks in a shop in magnitude its whole. Alas! Behind this glass. your own heart Is always out of my seeking sight.,29
non-suicidal245,non-suicidal_Poet_4,non-suicidal, Let he. who’s born under the happy star. Brags with his fame. his power and title. But fate of mine haven’t pampered me so far. And for me love’s a Caesar mantle’s purple. Under warm sun he spread his gorgeous leaves –,45
non-suicidal246,non-suicidal_Poet_4,non-suicidal, The prince’s confident. the creature of a lordship. But when the light of golden sun it leaves. The golden marigold wanes with his giver worshiped. The proud general. used everywhere to win. Fails just in one – the last of many battles.,42
non-suicidal247,non-suicidal_Poet_4,non-suicidal, And all his victories are vanished from the scene; He is forgotten in disgrace and scant’ness. But titles of mine are stable and unmoved: Through all my life - I loved. I love. I’m loved.,36
non-suicidal248,non-suicidal_Poet_4,non-suicidal, The liegeman. humble and faithful to the king. I. moved by love. respectful one and endless. Direct to you my delegates’ long string. In scripts. lost any intricate in phrases. I haven’t find words that could be worth of you.,41
non-suicidal254,non-suicidal_Poet_4,non-suicidal, How can I ever overcome my plight. When I’ve been striped of restfulness mine blessed? The day’s hot troubles are not cooled by night. And night. like day. leaves only tears’ traces. And day and night – though used to be in fight –,44
non-suicidal267,non-suicidal_Poet_4,non-suicidal, Their art would be twice higher then my own. But let. for you. my song be higher sung. ‘Cause just by you my life was filled. alone. ‘Cause if I weren’t delayed on my strait way. I would be able with my age to go.,46
non-suicidal270,non-suicidal_Poet_4,non-suicidal, Clouds to roam by the golden throne. They crawl above the ground. left alone. Deprived of all his lavish benefits. Thus my sun rose for a shortest span. Awarding me with gifts of his. embellished.,35
non-suicidal271,non-suicidal_Poet_4,non-suicidal, Then came a cloud. fully blind and grayish – And gentle colors of my love did wane. But I don’t growl at my Fortune saddened. -- There’re sometimes clouds on the earth and heaven.,34
non-suicidal274,non-suicidal_Poet_4,non-suicidal, The sympathy of one who’d made offence. Never heals ulcers it has brought on one. But these your tears. the rills of your tears-pearls – They are the torrents. washing sins of yours!,34
non-suicidal275,non-suicidal_Poet_4,non-suicidal, Don’t be in grieve. if you have wrongly done. Roses have thorns. the clearest of rills Are muddled by sand. the gorgeous moon and sun Are marked by clouds or by eclipses. We’re all in sins; and I am deeply in,43
non-suicidal278,non-suicidal_Poet_4,non-suicidal, I can confess that we are here two. Though our love is our common lot. I do not want. my any vises through. To stain your honor with a single blot. Though love confines us with a single thread.,39
non-suicidal279,non-suicidal_Poet_4,non-suicidal, But in our life our bitterness defers. It could not make our love diminished. yet. But steals a lot of time from love’s affairs. Like one who’s doomed. I have not any right To show you my credits in the world.,43
non-suicidal288,non-suicidal_Poet_4,non-suicidal, That you robbed me of best what I have owned And only one rebuke for you I hold. That you had pushed my love off your life’s road. You striped a beggar of his scanty bag. But I’ve forgiven you. my charmer low.,45
non-suicidal29,non-suicidal_Poet_1,non-suicidal, off hills when you run flaming down to the black sea,11
non-suicidal3,non-suicidal_Poet_1,non-suicidal, for some purpose the golden mask I had seen before. that fitted so beautifully over your face. did not return nor did that face of a bull you had acquired amid northern peoples. nomads. the Gobi desert,37
non-suicidal30,non-suicidal_Poet_1,non-suicidal, I am a shadow crossing ice I am rusting knife in the water I am pear tree bitten by frost I uphold the mountain with my hand My feet are cut by glass,33
non-suicidal300,non-suicidal_Poet_4,non-suicidal, I’d easy pass halve of the planet’s ball. To thoughts – an ocean is a narrow strait. They fly through it. as soon as took a goal. Tho’ my soul is a spirit and a flame. But. I. who’s made of water and of dust.,47
non-suicidal305,non-suicidal_Poet_4,non-suicidal, My eye and heart are in the bloody fight. They did not know how to share you. My heart intends to hide you self inside. My eye demands you for its whole view. The faithful heart does pledge that in its deeps.,42
non-suicidal306,non-suicidal_Poet_4,non-suicidal, Unseen for eye. you safely abide – The eye is sure that your image sleeps In the clear mirror on his own site. Then judges-thoughts convened. and they accused The animosity and the incessant fight –,35
non-suicidal309,non-suicidal_Poet_4,non-suicidal, To my poor heart as somewhat consolation. And my mild heart – when it is apt in that – Lends to my eye a part of dreamy passion. Thus. in my thoughts or in the real flesh. You’re before me in every fleeting moment.,43
non-suicidal32,non-suicidal_Poet_1,non-suicidal, is locked with silver wire I have burned often and my bones are soup I am stone giant statue on a cliff I am mad as a blizzard I stare out of broken cupboards,34
non-suicidal321,non-suicidal_Poet_4,non-suicidal, If he were got me back in the same styles. If I were riding on the wind through miles. I’d think. ‘Oh. how slow it creeps in!’ The best of horses wouldn’t catch a will. When rapidly it gallops with a neigh –,44
non-suicidal33,non-suicidal_Poet_1,non-suicidal, that she is eternal. that she sings that she is star-born. that she gathers crystal that she can be confused with Isis that she is the goal that she knows her name. that she swims,36
non-suicidal330,non-suicidal_Poet_4,non-suicidal, A stem. a thorn. a leave – like of the healthy. And such a color is with purple blest. And such a hallo seems alive and wealthy. – They bloom. not pleasing any heart or breath. And fade forgotten. making poisoned air.,40
non-suicidal331,non-suicidal_Poet_4,non-suicidal, But real roses has another ‘death’: Their soul’s poured into a fragrance fair. When will extinguish light of eyes of yours. All charm of truth will be distilled in verse.,31
non-suicidal332,non-suicidal_Poet_4,non-suicidal, The mossy marble of the lieges’ graves Will vanish earlier than my so fragile word. In which I saved your admirable grace. Time will not cover it with dust and dirt. Though bloody wars cast statues into mud.,38
non-suicidal333,non-suicidal_Poet_4,non-suicidal, And blind revolts abolish masons’ toil. My sacred scriptures. chiseled in the mind. Will not be handled by the time at all. You’ll be not send to bottom by the death. Nor by forgetfulness – that envious fiend.,38
non-suicidal334,non-suicidal_Poet_4,non-suicidal, And you’re obliged with your descendants. else. To see great Doomsday at the all-times’ end. So. live. until you will be waked at last. – In lines of poems and in deeps of hearts!,35
non-suicidal335,non-suicidal_Poet_4,non-suicidal, Wake up. love-sward! And tell me. is your sting Blunter than one in thirst’s and hunger’s dance? Though the feast could be a fitting thing. You can’t be fitted for all life at once. So is love. Its look of hunger-pain,46
non-suicidal336,non-suicidal_Poet_4,non-suicidal, Is satisfied today – to the extortion. But morrow comes. and you’re again in flame Of greatest fire. born by great emotion. To have our love for us forever cost Let separation be the ocean endless.,36
non-suicidal338,non-suicidal_Poet_4,non-suicidal, For faithful servants there is naught. in whole. But just to wait for mistresses. sublime. Thus. for your whims to play the servant’s role. I spend in painful waiting all my time. Watching the hands of clocks with strained attention.,41
non-suicidal339,non-suicidal_Poet_4,non-suicidal, I do not chime a hard bore in my heart. Nor curse the bitter plight of separation. To your short sign gone your doors outside. I do not let my thoughts. often so jealous. Go behind the once positioned line.,40
non-suicidal34,non-suicidal_Poet_1,non-suicidal, in the purple sky. that her fingers are pale & strong that she is black. that she is white that you always know who she is when she appears that she strides on battlements. that she sifts,36
non-suicidal346,non-suicidal_Poet_4,non-suicidal, Whether we’ve gone far forward or they’d thrust… Or this there world hasn’t any changing effect. But I am sure. that the best of words Were then composed for the idol worse.,35
non-suicidal349,non-suicidal_Poet_5,non-suicidal, And the cold scythe of the existing strife Rips all the best that was by this world done. But time will never cut my poem’s breath. In which you’ll live against a curse of death.,37
non-suicidal35,non-suicidal_Poet_1,non-suicidal, like stones in the sea that you can hear her approach. that her jewelled feet tread any particular measure that there is anything about her which cannot be said,29
non-suicidal350,non-suicidal_Poet_5,non-suicidal, Crisis is my nature There is a fierce hurricane of feelings under my smooth skin There is a fresh corpse thrown up on the desolate shore of October,28
non-suicidal351,non-suicidal_Poet_5,non-suicidal, October is my Empire My delicate hands control things to be lost My small eyes watch things that are to disappear My soft ears listen to the silence of people who are to die Fear is my nature,38
non-suicidal355,non-suicidal_Poet_5,non-suicidal, It has nothing to do with me And even though you shed blood for some quiet meaning It has nothing to do with me either The tears that are in your tender eyes The pain that is falling from the tongue of your silence,44
non-suicidal356,non-suicidal_Poet_5,non-suicidal, If there were no words in our world I would merely stare at it and leave Is there as much meaning in your tears as there is in the core of a piece of fruit Is there an echo of the sunset in one drop of your blood,48
non-suicidal358,non-suicidal_Poet_5,non-suicidal, and they died without even shedding green blood before they return to the soil they change to the color of soil,21
non-suicidal36,non-suicidal_Poet_1,non-suicidal, that she relishes tombstones. falls down marble stairs that she is ground only. that she is not ground that you can remember the first time you met that she is always with you,33
non-suicidal360,non-suicidal_Poet_5,non-suicidal, through the withered leaves a man whose star is fixed does not turn back,14
non-suicidal365,non-suicidal_Poet_5,non-suicidal, I don't like new houses It may be because I was born and raised in an old house There is neither a dinner table to share with the dead nor space for a sentient being to grow It was maybe twenty years ago that,45
non-suicidal37,non-suicidal_Poet_1,non-suicidal, that she can be seen without grace that there is anything to say of her which is not truth,19
non-suicidal373,non-suicidal_Poet_5,non-suicidal, 1999 I want to publish a book of poems by that name if I can survive that long it will be a full eighteen years I will remain asleep like the ants,31
non-suicidal374,non-suicidal_Poet_5,non-suicidal, I want to write a diagnosis of the mental abnormality of the one that silently continues carrying the food Today's work is over so good night,27
non-suicidal379,non-suicidal_Poet_5,non-suicidal, A mountain cherry tree in the forest covered with dark and light young leaves after looking at the petals I go out to town The cherry trees in town have been created by human hands from natural cherry trees In the small garden at my house,46
non-suicidal38,non-suicidal_Poet_1,non-suicidal, for there is another Lilith. not made for earth of whom it is said / that when she is seen by men it is as vapour / a plague / a cacophony of unique bells / straining & stranger. they pursue her unsubstantial cors thru this world,42
non-suicidal380,non-suicidal_Poet_5,non-suicidal, a Yoshino cherry stands quite stately At its roots wild birds and cats that lived eighteen years are buried and in those cherry blossoms the light of death and the sadness of life dwell,34
non-suicidal381,non-suicidal_Poet_5,non-suicidal, I don't think anybody has seen my footprints no matter what sand beach washed by waves no matter what desert assaulted by sand storms no one can understand the meaning,31
non-suicidal385,non-suicidal_Poet_5,non-suicidal, and as I read I fall asleep When I open my eyes it's a refreshing morning I put in my clean false teeth and open the morning paper It doesn't matter to me,35
non-suicidal386,non-suicidal_Poet_5,non-suicidal, whether the dollar goes down or the yen goes up It's nice if there is a report of an interesting murder There is even a smell of religion in the human behavior called murder There is no chance of a drama exactly like sex being born in the Holocaust,50
non-suicidal388,non-suicidal_Poet_6,non-suicidal, "My life was beautiful",4
non-suicidal39,non-suicidal_Poet_1,non-suicidal, & the next. She is. in fact. the archetypal foxfire of the stars will o'the wisp of empty space cosmic marshlight that lures us away from the heavenly spheres. our home,31
non-suicidal4,non-suicidal_Poet_1,non-suicidal, I did not see those tents again. nor the wagons infinitely slow on the infinitely windy plains. so cold. every star in the sky was a different color the sky itself a tangled tapestry. glowing but almost. I could see the planet from which we had come,47
non-suicidal403,non-suicidal_Poet_6,non-suicidal, to glimpse it in photographs. It must survive us.,9
non-suicidal406,non-suicidal_Poet_6,non-suicidal, when my nanny Celestina buttoned her housecoat (it's true that she was dyeing her hair and to surprise her I ventured beside her reflection) four dragonflies fluttered about announcing rain. one grazed my cheek and they came out,39
non-suicidal407,non-suicidal_Poet_6,non-suicidal, of the area where she was reflected; they followed me always or followed her. with her death they disappeared. except on the eve of a storm. When my mother got dressed to go to the ball,36
non-suicidal408,non-suicidal_Poet_6,non-suicidal, and fastened the band on her purple velvet belt an angel departed with her when she put out the light accompanied her to the car and that's why I believe she returned that night in which I trembled with fear for her death.,44
non-suicidal411,non-suicidal_Poet_6,non-suicidal, she looked at herself in the lid of the compact. imprudently I said "Let me see." I leaned into the shining circle: a turbulent dialogue startled us. three youths with necklaces.,31
non-suicidal412,non-suicidal_Poet_6,non-suicidal, thin. from having been cooped up in a tiny circle. malicious. sat down at our table. Ever since that day they've all interfered in our telephone calls.,28
non-suicidal413,non-suicidal_Poet_6,non-suicidal, My dog. who attentively admired himself once. barked insistently. shrewder he had seen a certain corporality leaving the mirror: a soft white rabbit visited me one afternoon.,27
non-suicidal414,non-suicidal_Poet_6,non-suicidal, But I won't list the cats. the horses. the gazelles. the tortoises. the necrophiliacs. the cannibals. the unborn. the gnomes. the giants. the onanists.,25
non-suicidal415,non-suicidal_Poet_6,non-suicidal, that came out of the mirrors where imprudently I glanced beside other people who didn't see them blinded by their own image. Now I no longer share a mirror with anyone because if my reflection takes the opportunity,39
non-suicidal416,non-suicidal_Poet_6,non-suicidal, to let them free. armies of other people. a world too numerous will be taking shape though it be difficult to stop because the mirror will say "grow and multiply" to the point of dislodging the universe,37
non-suicidal418,non-suicidal_Poet_6,non-suicidal, The homeless will take shelter inside of mirrors (they won't ever have lived in places so luminous) they will come out in their turn when those who were reflection,30
non-suicidal420,non-suicidal_Poet_6,non-suicidal, Be careful with your imagination. Someplace on earth it remains. all the time it follows us little by little turning into crude or delicate reality what man or beast. plants or stones imagined. The sick with fever. those who shake. those who want to and cannot speak.,47
non-suicidal421,non-suicidal_Poet_6,non-suicidal, in waiting rooms. amid pages of newspapers. oranges. those who gaze at the ceiling or else the sun. injured. those who embrace unlawfully. not knowing why or in the blue precinct of marriage. those disfigured by hearty laughter. the children. the slaves. the unjust. those who go shopping. handle meat.,50
non-suicidal423,non-suicidal_Poet_6,non-suicidal, those who get tired after never doing anything again don't do anything without a break. irreducibly. the unborn. those who carry signs in their fur. letters. drawings. mysteries that no one has deciphered. those who wash everything all day long like the raccoon.,44
non-suicidal424,non-suicidal_Poet_6,non-suicidal, the foul-smelling that scavenge for bones or excrement. wallowing about to stink even more. those who simply appear spiritual. or musical. or poetic. those who devour others like them or themselves because driven mad.,35
non-suicidal425,non-suicidal_Poet_6,non-suicidal, those that are streaked. with spots. with silver scales and tails. the ferocious and the domesticated. those who love. those who eat each other in order to fecundate. those who live only on grass or precious milk or those who need to eat rotten meat,45
non-suicidal426,non-suicidal_Poet_6,non-suicidal, those who crawl or the most beautiful. with princely feathers those whom the water gathers among its glass. clear green or black in the dark molds of the earth. buried. those who take so long in dying that they do not die and seem like plants or else stones. with the additions of time,54
non-suicidal442,non-suicidal_Poet_6,non-suicidal, It's strange. Inconceivable. But there are stranger things: Don't birds exist who pass the time singing. ridiculous doves. and an infinite series of fish,26
non-suicidal446,non-suicidal_Poet_6,non-suicidal, of the swaying branches above your body. you didn't listen to the heart of the pines when the wind moves them and those leaves that are like green fragrant pins fall. and when the clouds pass.,37
non-suicidal447,non-suicidal_Poet_6,non-suicidal, you didn't see that the world was turning. the entire world. and you didn't feel that the sky was drawing near. was entering inside the pines. and that you were disappearing. penetrating with it,36
non-suicidal448,non-suicidal_Poet_6,non-suicidal, inside the pines. becoming in that sky another tree.,9
non-suicidal450,non-suicidal_Poet_6,non-suicidal, of the exact musical note. That's why each day I respond by inventing a name: blue. bird. breeze. light. Common words,22
non-suicidal451,non-suicidal_Poet_7,non-suicidal, that can be said simply even without knowing you. without loving you.,12
non-suicidal452,non-suicidal_Poet_7,non-suicidal,     There are some kinds of writing. Malcolm Cowley quotes William Faulkner as saying. That have to be done very fast,20
non-suicidal453,non-suicidal_Poet_7,non-suicidal, Like riding a bicycle on a tight rope.   And sometimes there are crowds below To cheer and clap. the echoes Bouncing from the tent’s top.,26
non-suicidal454,non-suicidal_Poet_7,non-suicidal,   But many times there is nothing below. Just sawdust on the floor. And sometimes in the throat.,17
non-suicidal455,non-suicidal_Poet_7,non-suicidal,     She spoke of things of long ago— They were as yesterday. She told of a dream:,16
non-suicidal456,non-suicidal_Poet_7,non-suicidal, It was a September And it was not really warm until noon. I had been sitting in the sun. she said. I could hear a crow across the field. On the trellis there were new roses.,36
non-suicidal457,non-suicidal_Poet_7,non-suicidal,    I was sitting in the sun.    And he brought me three fresh pears        from the tree in the far pasture.,20
non-suicidal459,non-suicidal_Poet_7,non-suicidal, On pale hands That move in and out. Saying with sad finality. All is finished. And yet hoping. as the eyes speak.,22
non-suicidal46,non-suicidal_Poet_1,non-suicidal, ostrich & pachyderm Who will remember the bleakness of this time? Who will recall it. later?,15
non-suicidal460,non-suicidal_Poet_7,non-suicidal, Watching glittering goldfish Swim languidly in the sun.,8
non-suicidal461,non-suicidal_Poet_7,non-suicidal,     They carried him home in the late August. And all through the warm days of September He lay with two broken legs.,22
non-suicidal463,non-suicidal_Poet_7,non-suicidal, While his father hobbled. dry-eyed. to gaze. The next day they turned his bed to the sun. And the smoke of the evening came home to rest. The old man sat on the porch and smoked. “It will rain tonight.” he said.,43
non-suicidal464,non-suicidal_Poet_7,non-suicidal,     He has grown quieter now. And almost forgotten— The Prophet,10
non-suicidal465,non-suicidal_Poet_7,non-suicidal, Only comes to town at tobacco-market time. And he’s only moved to preach When pimply faced boys snicker At his long gray beard and high black hat. He’ll roar at them then.,35
non-suicidal47,non-suicidal_Poet_1,non-suicidal, you are my bread and the hairline noise of my bones you are almost,14
non-suicidal48,non-suicidal_Poet_1,non-suicidal, the sea you are not stone or molten sound I think you have no hands,15
non-suicidal490,non-suicidal_Poet_7,non-suicidal, And hidden. too. are hoarded griefs Forgotten now as to why or how.     Still—     Silent faces turn     To a watchful clock.,21
non-suicidal495,non-suicidal_Poet_7,non-suicidal, The lilac bloomed. And on a lazy afternoon A long lean cat stalked A singing bird.,16
non-suicidal496,non-suicidal_Poet_7,non-suicidal,     He came home from Petersburg. Footing it down the road with three others Who fell off by the way.,19
non-suicidal498,non-suicidal_Poet_7,non-suicidal, They walked back together And he took off his hat and stood a moment Before going in to supper.   He cleaned the spring.,23
non-suicidal5,non-suicidal_Poet_1,non-suicidal, I could not remember (then) what our purpose was but remembered the name Mahakala. in the dawn in the dawn confronted Shiva. the cold light revealed the "mindborn" worlds. as simply that. I watched them propagated. flowing out.,38
non-suicidal50,non-suicidal_Poet_1,non-suicidal, for crossing tongues (the sand here never shifts) I think tomorrow,11
non-suicidal517,non-suicidal_Poet_8,non-suicidal, One is probably ample. 2 studio; Bedroom; Bath;,7
non-suicidal518,non-suicidal_Poet_8,non-suicidal, Kitchenette: Furnished like a third act passion set: Oriental; Sentimental; They owed two months on the rental. Pink cushions.,19
non-suicidal527,non-suicidal_Poet_8,non-suicidal, The towels were grey. Cups. saucers. Knives. plates. Bottles. glasses In various states,13
non-suicidal528,non-suicidal_Poet_8,non-suicidal, Of vileness. fought for a precarious space in The jumbled world beneath the basin. The basin top was the temporary home Of a corkscrew. scissors. And a brush and comb.,30
non-suicidal532,non-suicidal_Poet_8,non-suicidal, It had a bureau: A double bed With one pillow. and white spread. Their trunks: boxes. A chair.,18
non-suicidal534,non-suicidal_Poet_8,non-suicidal, Sunday noon: Broiling hot. Queenie woke up feeling shot. She lay stretched out on the crumpled bed Naked: slim arms above her head.,23
non-suicidal540,non-suicidal_Poet_8,non-suicidal, Queenie lifted her head A trifle from the bed. “Burrsie!” she piped. Her voice was pitched In a fretful key.,20
non-suicidal541,non-suicidal_Poet_8,non-suicidal, His mouth twitched: He was dangerously still. By enormous power of will. Her eyes filled with a martyred look: She registered grief. and her voice shook.,26
non-suicidal542,non-suicidal_Poet_8,non-suicidal, “Burrsie!” Sharply— “Well?” he inquired. “Brrsie! Queenie is oh. so tired!” His teeth snapped.,14
non-suicidal548,non-suicidal_Poet_8,non-suicidal, Burrs was afraid— Already routed. He tried bluster. “Well!” he shouted. Glaring:,12
non-suicidal559,non-suicidal_Poet_8,non-suicidal, She waited. She lay still. Giving his hands and lips their will. She was cold as ice. all through it: She had him now.,24
non-suicidal561,non-suicidal_Poet_8,non-suicidal, And he almost came. Now. Swift as a snake. She shifted. Her shoulders rose.,14
non-suicidal562,non-suicidal_Poet_8,non-suicidal, Her arm lifted. Down she struck. His tight embrace Gave. His hands covered his face. She leapt up; fled. with hard laughter.,22
non-suicidal563,non-suicidal_Poet_8,non-suicidal, Bleeding at the mouth. He rushed after. “You rotten bitch! I’ll fix you yet!” She grabbed a knife from the kitchenette.,22
non-suicidal564,non-suicidal_Poet_8,non-suicidal, And a brown bottle with a whisky label Then dodged swiftly Around the table. They paused: watched:,17
non-suicidal565,non-suicidal_Poet_8,non-suicidal, Animal-eyed. Furious. From either side. Her face was white as though newly plastered. “You touch me—,17
non-suicidal567,non-suicidal_Poet_8,non-suicidal, “Well—?” It was over. “My sweetie’s bats— But I love her!” Said Burrs drily.,15
non-suicidal570,non-suicidal_Poet_8,non-suicidal, And once for all. I’ll tell you what: The next time you call me a lazy slut. If I find a knife. I’ll damn well use it!— Kick that idea around till you lose it!” Having delivered herself of this.,42
non-suicidal572,non-suicidal_Poet_8,non-suicidal, Sipped; Perfect lipped. Legs crossed: At ease: engrossed. Beautiful.,9
non-suicidal574,non-suicidal_Poet_8,non-suicidal, Double nod. She raised her handsome head; She said: “Burrsie. I think we’re about due For a party:,19
non-suicidal576,non-suicidal_Poet_8,non-suicidal, 1 The gang was there when midnight came. The studio was lit by candle-flame; Dim: mysterious: shrouded. Unbidden shadow-guests swarmed,21
non-suicidal579,non-suicidal_Poet_8,non-suicidal, They rushed forward boldly; Swept Triumphant Across white faces: Wavered. retreated;,11
non-suicidal581,non-suicidal_Poet_8,non-suicidal, They hovered around the glass-filled tray Ravenously. Like birds of prey. White. intense; With mask-like faces,18
non-suicidal585,non-suicidal_Poet_8,non-suicidal, Filled with slime. Her mouth was cruel: A scar In red. That had recently opened and bled.,17
non-suicidal587,non-suicidal_Poet_8,non-suicidal, For fifteen dollars. Glad of the chance To see her dance. Women adored her. Less often. a man:,18
non-suicidal6,non-suicidal_Poet_1,non-suicidal, or. more simply. one mirror reflecting another. then broke the mirrors. you were no longer in sight nor any purpose. stared at this new blackness the mindborn worlds fled. and the mind turned off: a madness. or a beginning?,39
non-suicidal600,non-suicidal_Poet_8,non-suicidal, Behold the Brothers D’Armano: Otherwise. Oscar and Phil. They sang: They played the piano: They functioned together with skill.,20
non-suicidal601,non-suicidal_Poet_8,non-suicidal, They lisped. Their voices were shrill. They were powdered. Rouged. Sleek of hair:,13
non-suicidal602,non-suicidal_Poet_8,non-suicidal, They must have worn Pink silk underwear. They clung together with arms laced Each about the other’s waist: Stood around in anguished poses.,24
non-suicidal603,non-suicidal_Poet_8,non-suicidal, They rated A shower of paper roses; Lavender lights. And the stink of joss. Suffering Moses.,16
non-suicidal604,non-suicidal_Poet_8,non-suicidal, What a loss! Watch Dolores: Dark. tall. Slim. Wrapped in a Spanish shawl;,13
non-suicidal610,non-suicidal_Poet_8,non-suicidal, And the usual two Loud Jew Theatrical managers stood engrossed Bewailing high production cost. Each of them had suffered most.,20
non-suicidal611,non-suicidal_Poet_8,non-suicidal, In twenty minutes both had lost The sum of sixty million dollars— With gestures: After which they sighed. And drank,20
non-suicidal617,non-suicidal_Poet_8,non-suicidal, Exquisite in black; Radiant; Tall; With a face of ivory. And blurred gold for hair:,15
non-suicidal628,non-suicidal_Poet_8,non-suicidal, And what came with you.” she droned— “Meet what brought me in a sea-going hack: The Boy Friend—Mister—Mister— Black! That’s Queenie.,25
non-suicidal629,non-suicidal_Poet_8,non-suicidal, This’s Burrs. Tha’s Jackie—Am I right? My god! There’s Mae! ´Lo. Mae!—I’m tight!” Queenie came forward.,22
non-suicidal644,non-suicidal_Poet_8,non-suicidal, Some legendary fairy queen! She moved off; Left him staring after. Kate burst out in sarcastic laughter. “Well!,18
non-suicidal652,non-suicidal_Poet_8,non-suicidal, It billowed; curled: Swung; swirled: Poured towards the candle flames And broke. Eyes flashed.,14
non-suicidal653,non-suicidal_Poet_8,non-suicidal, Glistened: Everyone talked: Few listened. Crash! A glass smashed;,9
non-suicidal659,non-suicidal_Poet_8,non-suicidal, Ivory arm. The lace that hid The girl’s bosom. rose and quivered: Her petal lips parted: She shivered.,19
non-suicidal660,non-suicidal_Poet_8,non-suicidal, Slowly she drew her arm away: She rose and went towards the glass-filled tray. Kate hailed Burrs like a long-lost brother. And she left Black’s side To be a red-hot Mother.,35
non-suicidal661,non-suicidal_Poet_8,non-suicidal, Queenie saw her going: She stopped the Vic. And put on a record so blue it was sick. She moved forward swiftly: She stood before Black:,26
non-suicidal664,non-suicidal_Poet_8,non-suicidal, and slow. And sweeping: And their rhythm was enough to set you weeping. They stood up straight.,17
non-suicidal669,non-suicidal_Poet_8,non-suicidal, The floor swam underneath. And Queenie did more than her share: She brushed his lips with her hair: She arched inward: She clung:,23
non-suicidal670,non-suicidal_Poet_8,non-suicidal, She pressed Her body on his from knee to breast. It was wonderfully timed. About two steps more.,18
non-suicidal672,non-suicidal_Poet_8,non-suicidal, Their arms dropped. And she fed him a blurred. bewildered glance. She smiled: she whispered: “Our first dance!”,18
non-suicidal673,non-suicidal_Poet_8,non-suicidal, “Let’s get our drinks and sit somewhere.” “Why. yes: if you think Kate wouldn’t care— I don’t want the child to pull my hair!” Queenie took cushions from the double bed. “Do you mind if we sit on the floor?” she said.,45
non-suicidal683,non-suicidal_Poet_8,non-suicidal, You probably just think I’mhard-boiled: A rotter: A rounder: A horrible sort of bounder!” Queenie viewed him with large eyes.,22
non-suicidal687,non-suicidal_Poet_8,non-suicidal, Fervently. Up rose his drink: Up rose her drink. The glasses met with a faint clink. Glass met lip.,19
non-suicidal690,non-suicidal_Poet_8,non-suicidal, They unlocked: They came up for air. Their eyes blurred: The room rocked: They peered here and there.,18
non-suicidal692,non-suicidal_Poet_8,non-suicidal, And her jaw dropped. “Well! May Jesus give me grace! He’s mushin’ it up with your angel-face!” “Yeah?” said Burrs.,22
non-suicidal695,non-suicidal_Poet_8,non-suicidal, The candles flared: the shadows sprang tall. Leapt goblin-like from wall to wall; Excited: Delighted: Mimicking those invited.,19
non-suicidal7,non-suicidal_Poet_1,non-suicidal, for Alan This. then. is the gift the world has given me (you have given me) softly the snow cupped in hollows,22
non-suicidal70,non-suicidal_Poet_2,non-suicidal, on the distant hill for the caged bird sings of freedom.,11
non-suicidal700,non-suicidal_Poet_8,non-suicidal, The other was bolder: It ran white fingers through his long black hair. Then fondled his throat. And rested there. Phil’s hands played on with agile grace.,28
non-suicidal704,non-suicidal_Poet_8,non-suicidal, His face in his hands. He cried. “There—there!” soothed Phil: He embraced him; He sighed.,16
non-suicidal707,non-suicidal_Poet_8,non-suicidal, To the one with whom they sided. They grinned: Egged them on: Cheered: laughed: derided. Finally Phil:,17
non-suicidal708,non-suicidal_Poet_8,non-suicidal, “Go to hell. then. will you?” Cried Oscar: “Oh. you beast!— I’ll kill you!” And he leapt on him. then and there. They slapped:,25
non-suicidal72,non-suicidal_Poet_2,non-suicidal, Old adobe bricks. washed of Whiteness. paled to umber. Await another century. Star Jasmine and old vines Lay claim upon the ghosted land.,23
non-suicidal720,non-suicidal_Poet_8,non-suicidal, I wish I had Never been Born! (I told you. Born) She had those,14
non-suicidal721,non-suicidal_Poet_8,non-suicidal, Kiss-me eyes And lips— What legs! What a pair of hips! I never had,15
non-suicidal724,non-suicidal_Poet_8,non-suicidal, Get out your Handkerchiefs. Brothers and Sisters and— Mourn!,9
non-suicidal728,non-suicidal_Poet_8,non-suicidal, And the voice was angry. Sepulchral Deep: “Cut out that noise! I want to sleep!” Silence.,16
non-suicidal729,non-suicidal_Poet_8,non-suicidal, For a moment’s fraction: The silence of stupefaction. Then they growled; Howled: They took action.,16
non-suicidal73,non-suicidal_Poet_2,non-suicidal, Then quiet pools whisper Private childhood secrets. Flush on inner cottage walls Antiquitous faces. Used to the gelid breath,19
non-suicidal732,non-suicidal_Poet_8,non-suicidal, Night. And against this night. the steep Black neighboring walls Shot up out of sight: Sinister: silent:,17
non-suicidal733,non-suicidal_Poet_8,non-suicidal, Cold. Asleep. They peered up the slanting face of stone. Across the gulf A window shone:,16
non-suicidal734,non-suicidal_Poet_8,non-suicidal, Square: yellow: And they shrieked— “There’s the fellow!” A man’s figure appeared. Stood set,16
non-suicidal735,non-suicidal_Poet_8,non-suicidal, Against the light in silhouette. Again the voice: “Cut out that noise!” “You bastard! Who the hell are you?” “My god! It’s only half-past two!”,27
non-suicidal736,non-suicidal_Poet_8,non-suicidal, “Pull in your neck!— ” “Go soak your head—!” Were among the more polite things people said. “You’re keeping decent people awake!” “Aw. shut up! So’s your Uncle Jake!”,30
non-suicidal737,non-suicidal_Poet_8,non-suicidal, “Decent?” roared Eddie. “Yes— Decent. I said!” “Come here and I’ll break your lousy head! You cock-eyed son-of-a-bitching scut!,24
non-suicidal74,non-suicidal_Poet_2,non-suicidal, Of old manors. glare disdainfully Over breached time. Around and through these Cold phantasmatalities. He walks. insisting,17
non-suicidal740,non-suicidal_Poet_8,non-suicidal, The silhouette disappeared. The victors cat-called: Hissed: Jeered. The light across the way went out.,16
non-suicidal741,non-suicidal_Poet_8,non-suicidal, They pulled in their heads. They stood about. They grinned. With lurid epithets. They said what they thought of silhouettes.,20
non-suicidal743,non-suicidal_Poet_8,non-suicidal, “Say. you’re swell!” “‘Be quiet.youse—’! Say!— Let’s raise hell!” Burrs turned.,14
non-suicidal75,non-suicidal_Poet_2,non-suicidal, To the languid air. Activity. music. A generosity of graces. His lupin fields spurn old Deceit and agile poppies dance,20
non-suicidal750,non-suicidal_Poet_8,non-suicidal, Her white cheeks tinted. So Burrs Felt the spurs! Swell! She’d give him a gaudy taste of hell!,19
non-suicidal751,non-suicidal_Poet_8,non-suicidal, “You know what I mean! Lay off that guy!” “Why?” “Because I tell you to!” “Yeah?—And who the hell are you!” A pause.,24
non-suicidal753,non-suicidal_Poet_8,non-suicidal, Gave it a twist. She flinched. And made a low wail. Black stepped up: He was ghastly pale:,18
non-suicidal756,non-suicidal_Poet_8,non-suicidal, White arms encircled swollen necks: Blurred faces swam together: locked Red hungry lips: Closed eyes: Rocked.,16
non-suicidal76,non-suicidal_Poet_2,non-suicidal, In golden riot. Each day is Fulminant. exploding brightly Under the gaze of his exquisite Sires. frozen in the famed paint Of dead masters. Audacious,25
non-suicidal764,non-suicidal_Poet_8,non-suicidal, They clung: They kissed. Shortly. they left together: Unmissed. The bedroom door swung open wide.,15
non-suicidal769,non-suicidal_Poet_8,non-suicidal, They played a duet. Their fingers slipped: Their fingers stuck. Mangled the jarring notes they struck. They clattered:,18
non-suicidal770,non-suicidal_Poet_8,non-suicidal, They rumbled; The rhythm was staggered and stumbled. Through all this sound The Victrola kept flinging Dim snatches,18
non-suicidal771,non-suicidal_Poet_8,non-suicidal, That had no end. No beginning. Three couples circled Slowly: Clinging.,11
non-suicidal783,non-suicidal_Poet_8,non-suicidal, As nice as a man could be. He was sweet to me. I was sick. and awfully lonely. And tired. I had no show. And Burrs is the sort who pretends,31
non-suicidal784,non-suicidal_Poet_8,non-suicidal, He wants to just be friends. I was only sixteen; how could I know?” She shrugged: “It seems ages ago.” Her mouth drooped.,23
non-suicidal785,non-suicidal_Poet_8,non-suicidal, Her lashes fell. “You’ve no idea. I’ve been through hell. What good does it do To say I’m through? Who have I got to turn to?”,29
non-suicidal786,non-suicidal_Poet_8,non-suicidal, Bravely she smiled. Poor. battered child! Tears filled his eyes to overflowing. He turned his head To keep them from showing.,21
non-suicidal787,non-suicidal_Poet_8,non-suicidal, He cleared his throat: His eyebrows met: “You’ve got me—always! Don’t forget.” “Dear boy!” she whispered.,19
non-suicidal788,non-suicidal_Poet_8,non-suicidal, Her finger tips Rose in his hand. and met his lips. From time to time. lying on the bed With Kate. Burrs raised a dishevelled head And scowled at blurred gold hair on a pair,35
non-suicidal789,non-suicidal_Poet_8,non-suicidal, Of wavering knees. The edge of the chair Cut off the rest. What went on there! Burrs trembled: He felt sick.,21
non-suicidal79,non-suicidal_Poet_2,non-suicidal, Since you black. don't stick around. Food is gone. the rent is due. Curse and cry and then jump two. All the people out of work. Hold for three. then twist and jerk.,34
non-suicidal792,non-suicidal_Poet_8,non-suicidal, A candle guttered; its flame died: The shadows rushed in from every side; A sinister. swift procession. Taking grim possession. The noise dropped to a strange. jumbling.,27
non-suicidal793,non-suicidal_Poet_8,non-suicidal, Low-pitched sound. like distant mumbling. Over this blur the Victrola threw Incessant music. soft and blue. Under the grand piano were curled Oscar and Phil. dead to the world.,30
non-suicidal794,non-suicidal_Poet_8,non-suicidal, They sprawled like corpses. Their pinched faces Showed ghastly white in unrouged places. “Everyone elsh’s awful tight: Yessir!”,19
non-suicidal796,non-suicidal_Poet_8,non-suicidal, Twenny-five. thirty—still feel f-fine! Yesshir!” Said Jackie. “So wassha use drinkin’? Makesh me mad!,17
non-suicidal798,non-suicidal_Poet_8,non-suicidal, He mumbled something— No one knew what. His mouth opened. and his face grew haggard: He lurched forward:,18
non-suicidal799,non-suicidal_Poet_8,non-suicidal, Swayed: Staggered: Put out a hand. Found nothing to hold. Sank to the floor,14
non-suicidal80,non-suicidal_Poet_2,non-suicidal, Cross the line. they count you out. That's what hopping's all about. Both feet flat. the game is done. They think I lost. I think I won.,29
non-suicidal800,non-suicidal_Poet_8,non-suicidal, And passed out cold. Nadine. Mae’s kid sister. Vanished. No one missed her.,14
non-suicidal801,non-suicidal_Poet_8,non-suicidal, Suddenly a scream shot out: “No! No!” Heads lifted. peered about. Again the scream of fear: “Mae!”,17
non-suicidal802,non-suicidal_Poet_8,non-suicidal, Mae leapt up. swaying. Nadine lay On the floor. half hidden by a man in grey. Her slim legs kicked. She tried to seize,24
non-suicidal803,non-suicidal_Poet_8,non-suicidal, Her skirt and pull it down to her knees. Mae rushed forward: “Eddie!” But he was there already. His hand swept down; his grip grew tight,26
non-suicidal804,non-suicidal_Poet_8,non-suicidal, On the man’s neck. His knuckles showed white. His shoulders heaved. With one drag He pulled the man up like a limp rag. The man’s head rolled from side to side:,33
non-suicidal805,non-suicidal_Poet_8,non-suicidal, He stared at Eddie. vacant-eyed. “You bastard. you! Foolin’ with a kid!” Snarled Eddie: “I’ll show yuh!” And he did. His shoulders swung:,25
non-suicidal806,non-suicidal_Poet_8,non-suicidal, His fist drew back. Shot out. struck With a dull smack. Back went the man’s head:,17
non-suicidal807,non-suicidal_Poet_8,non-suicidal, He spun where he stood: He fell flat. and lay there. His face oozing blood. The bystanders murmured in awe. Eddie thrust out his jaw.,25
non-suicidal808,non-suicidal_Poet_8,non-suicidal, A woman laughed: His ear caught the sound: He snarled. Ducked his head. Swung swiftly around.,16
non-suicidal81,non-suicidal_Poet_2,non-suicidal, FOR BAILEY We were entwined in red rings Of blood and loneliness before The first snows fell Before muddy rivers seeded clouds,22
non-suicidal810,non-suicidal_Poet_8,non-suicidal, Slowly he circled each fist. He crouched: His eyes shone red: Grimly he said: “Foolin’ with a kid!”,18
non-suicidal816,non-suicidal_Poet_8,non-suicidal, The bottle glittered. Flashed. Crashed On Eddie’s head: Smashed.,10
non-suicidal82,non-suicidal_Poet_2,non-suicidal, Above a virgin forest. and Men ran naked. blue and black Skinned into the warm embraces Of Sheba. Eve and Lilith. I was your sister.,25
non-suicidal824,non-suicidal_Poet_8,non-suicidal, Her eyes shut. Her breathing grew deep. Her lips parted. And she lay asleep. Burrs had been watching.,18
non-suicidal83,non-suicidal_Poet_2,non-suicidal, You left me to force strangers Into brother molds. exacting Taxations they never Owed or could ever pay. You fought to die. thinking,23
non-suicidal833,non-suicidal_Poet_8,non-suicidal, 7 Now. Outside. in the night. A window suddenly blazed with light. The silhouette again.,14
non-suicidal837,non-suicidal_Poet_8,non-suicidal, A strong one: Then suddenly felt unstable. The room blurred. The room receded. Another drink was what he needed!,19
non-suicidal84,non-suicidal_Poet_2,non-suicidal, In destruction lies the seed Of birth. You may be right. I will remember silent walks in Southern woods and long talks In low voices,25
non-suicidal843,non-suicidal_Poet_8,non-suicidal, Till it hurt. There! Now! He felt much better. He couldn’t get drunk.,14
non-suicidal847,non-suicidal_Poet_8,non-suicidal, Him. She had played: she had won— But she was caught! Her body ached madly at the thought. What a man this was!,23
non-suicidal848,non-suicidal_Poet_8,non-suicidal, He seemed able to bring her Heart leaping up with a touch of his finger. She smiled Like a child In its sleep.,23
non-suicidal849,non-suicidal_Poet_8,non-suicidal, His hand left her hair. It began to creep With gently moving finger tips Over her eyes:,17
non-suicidal85,non-suicidal_Poet_2,non-suicidal, Shielding meaning from the big ears Of overcurious adults. You may be right. Your slow return from Regions of terror and bloody,22
non-suicidal851,non-suicidal_Poet_8,non-suicidal, Lightly his hand began to float Over the smooth white skin Of her chin.,14
non-suicidal852,non-suicidal_Poet_8,non-suicidal, Then suddenly came to rest With its palm pressed Soft and hot on the pulse of her slender throat.,19
non-suicidal856,non-suicidal_Poet_8,non-suicidal, His fingers ached To feel fresh. Cool flesh. His hand waked. It discovered her shoulders:,15
non-suicidal86,non-suicidal_Poet_2,non-suicidal, Screams. races my heart. I hear again the laughter Of children and see fireflies Bursting tiny explosions in An Arkansas twilight.,21
non-suicidal860,non-suicidal_Poet_8,non-suicidal, He did not dare. Then his hot hand Cupped her breast Suddenly; And came to rest.,16
non-suicidal861,non-suicidal_Poet_8,non-suicidal, Ecstatic: frightened. Bur her hand covered his. And tightened. She gasped. Started:,12
non-suicidal866,non-suicidal_Poet_8,non-suicidal, Their bodies stiffened; And their cheeks sank in. Tighter! Tighter! Their faces hardened.,13
non-suicidal87,non-suicidal_Poet_2,non-suicidal, She came home running back to the mothering blackness deep in the smothering blackness white tears icicle gold plains of her face She came home running,26
non-suicidal870,non-suicidal_Poet_8,non-suicidal, They stood up. clinging: They kissed. They drew apart. She took his wrist And put that arm about her waist;,20
non-suicidal871,non-suicidal_Poet_8,non-suicidal, Then hers about his. So. tightly laced. They stood. Her head dropped on his shoulder. “I love you!” he told her.,21
non-suicidal872,non-suicidal_Poet_8,non-suicidal, She smiled dimly: They kissed. The room was hung with amber mist. Exultant-eyed.,14
non-suicidal873,non-suicidal_Poet_8,non-suicidal, Side by side. They floated dream-like across the floor Towards the bedroom door. No one stared:,17
non-suicidal874,non-suicidal_Poet_8,non-suicidal, No one cared. Burrs—? To hell with him! As they passed the bed She glimpsed his head,17
non-suicidal875,non-suicidal_Poet_8,non-suicidal, Face up. White. Dim: Eyes closed; Dishevelled of hair:,9
non-suicidal876,non-suicidal_Poet_8,non-suicidal, Mouth open: Throat bare. The door opened. It closed behind them. Jet-black darkness swept up to blind them.,19
non-suicidal877,non-suicidal_Poet_8,non-suicidal, And the air was strangely fresh and sweet. They stood blinking: They swayed on their feet; And blank silence wrapped them in. Little by little the dark grew thin.,29
non-suicidal88,non-suicidal_Poet_2,non-suicidal, She came down creeping here to the black arms waiting now to the warm heart waiting rime of alien dreams befrosts her rich brown face She came down creeping,29
non-suicidal89,non-suicidal_Poet_2,non-suicidal, She came home blameless black yet as Hagar’s daughter tall as was Sheba’s daughter threats of northern winds die on the desert’s face She came home blameless,30
non-suicidal901,non-suicidal_Poet_9,non-suicidal, But flaming buffoons. Pile rubbish. all the rubbish in a heap. And like Savonarola. to the sound of hymns. Into the fire with it…. Whom should we fear? When the mundiculi of puny souls have become—worlds.,37
non-suicidal903,non-suicidal_Poet_9,non-suicidal, You are still whimpering lavishly. Dunderheads! Isn’t yesterday crushed. like a dove By a motor Emerging madly from the garage?,21
non-suicidal905,non-suicidal_Poet_9,non-suicidal, and screamed: you're insane! and with whoops of fear beat the eardrums ringing like diamond cards.,17
non-suicidal906,non-suicidal_Poet_9,non-suicidal, Quiet please. Don't slam the door. Dear Sir... Four very simple letters: – dead.,14
non-suicidal908,non-suicidal_Poet_9,non-suicidal, On the tops of aspens and pines!” But she. alas. Red-feathered. A long-long time ago flew off to the lakes Of the distant sky.,26
non-suicidal909,non-suicidal_Poet_9,non-suicidal, The riot's crimson finger pokes Into the map of both hemispheres: “Here! Here! Here!” Death gropes every hole,19
non-suicidal914,non-suicidal_Poet_10,non-suicidal, Owe. themselves. their youth to thee Without whom we may possess Much. but never happiness.,15
non-suicidal916,non-suicidal_Poet_10,non-suicidal, The vernal thrill. And thine beneath the rueful yew Is wintry chill.,12
non-suicidal918,non-suicidal_Poet_10,non-suicidal, To lettered fame not unfamiliar: there Crave rest and shelter of a scholiast fair. Who dwelleth in a world of old romance. Magic emprise and faery chevisaunce. Tell her. that he who made thee. years ago.,36
non-suicidal925,non-suicidal_Poet_10,non-suicidal, NO courtier this. and naught to courts he owed. Fawned not on thrones. hymned not the great and callous. Yet. in one strain. that few remember. showed He had the password of King Oberon's palace. And seeing a London seamstress's gray fate.,44
non-suicidal929,non-suicidal_Poet_10,non-suicidal, Heir of the riches of the whole world's rhyme. Dow'r'd with the Doric grace. the Mantuan mien. With Arno's depth and Avon's golden sheen; Singer to whom the singing ages climb. Convergent;-if the youngest of the choir,43
non-suicidal932,non-suicidal_Poet_10,non-suicidal, Thy treasuries. if thou canst hear the wail Of women martyred by the turbaned crew. Whose tenderest mercy was the sword that slew. And lift no hand to wield the purging flail? We deemed of old thou held'st a charge from Him,43
non-suicidal933,non-suicidal_Poet_10,non-suicidal, Who watches girdled by his seraphim. To smite the wronger with thy destined rod. Wait'st thou his sign? Enough. the unanswered cry Of virgin souls for vengeance. and on high The gathering blackness of the frown of God!,39
non-suicidal936,non-suicidal_Poet_10,non-suicidal, 'What is to be. will be.' His craft she reeled and staggered. But he headed her for the hithe. In a storm that threatened to mow her down As grass is mown by the scythe;,35
non-suicidal939,non-suicidal_Poet_10,non-suicidal, Britain's Pride . And ever 'Hold on till daybreak!' Across the night they cried. Slowly melted the darkness.,18
non-suicidal94,non-suicidal_Poet_2,non-suicidal, The Rock cries out to us today. You may stand upon me. But do not hide your face.,18
non-suicidal943,non-suicidal_Poet_10,non-suicidal, Britain's Pride .,3
non-suicidal946,non-suicidal_Poet_10,non-suicidal, Just for a day you crossed my life's dull track. Put my ignobler dreams to sudden shame. Went your bright way. and left me to fall back On my own world of poorer deed and aim; To fall back on my meaner world. and feel,46
non-suicidal948,non-suicidal_Poet_11,non-suicidal, Then journeyed home. to carry in his soul The torment of the difference till he die.,16
non-suicidal949,non-suicidal_Poet_11,non-suicidal, I go back up to the hills (they shimmer with wheat bent by the August breeze). Silvestro. dear friend. you deliver me To all things past. to the stress and toil That wears the stone smooth over the grain.,39
